logged_at,ticker,confidence,entry_price,exchange,proxy_likely_shortable,schwab_is_shortable,schwab_is_hard_to_borrow,schwab_htb_rate
2026-07-26T00:20:57.540976,WHLRL,High,,Nasdaq,True,True,True,-6.25
2026-07-26T00:20:57.540976,SGLY,High,0.25699999928474426,Nasdaq,False,True,True,-5.25
2026-07-26T00:20:57.540976,PMI,High,0.08799999952316284,NYSE,False,True,True,-16.25
2026-07-26T00:20:57.540976,MVIS,High,0.2815000116825104,Nasdaq,False,True,True,-9.0
2026-07-26T00:20:57.540976,NEXRW,High,,Nasdaq,True,True,True,-10.0
2026-07-27T21:21:38.568140,NEXRW,High,,Nasdaq,True,True,True,-10.0
2026-07-27T21:21:38.568140,PMI,High,0.08799999952316284,NYSE,False,True,True,-13.75
2026-07-27T21:21:38.568140,MVIS,High,0.25,Nasdaq,False,True,True,-7.25
2026-07-27T21:31:07.311427,NEXRW,High,,Nasdaq,True,True,True,-10.0
2026-07-27T21:31:07.311427,PMI,High,0.08799999952316284,NYSE,False,True,True,-13.75
2026-07-27T21:31:07.311427,MVIS,High,0.25,Nasdaq,False,True,True,-7.25
2026-07-28T20:18:40.029300,YAAS,High,,Nasdaq,True,True,True,-32.0
2026-07-28T20:18:40.029300,OFAL,High,0.10260000079870224,Nasdaq,False,True,True,-1.75
2026-07-28T20:18:40.029300,PMI,High,0.08799999952316284,NYSE,False,True,True,-19.25
2026-07-28T20:18:40.029300,NEXRW,High,,Nasdaq,True,True,True,-10.0
2026-07-28T20:18:40.029300,MVIS,High,0.25600001215934753,Nasdaq,False,True,True,-7.5
2026-07-28T20:20:21.968104,YAAS,High,,Nasdaq,True,True,True,-32.0
2026-07-28T20:20:21.968104,OFAL,High,0.10260000079870224,Nasdaq,False,True,True,-1.75
2026-07-28T20:20:21.968104,PMI,High,0.08799999952316284,NYSE,False,True,True,-19.25
2026-07-28T20:20:21.968104,NEXRW,High,,Nasdaq,True,True,True,-10.0
2026-07-28T20:20:21.968104,MVIS,High,0.25600001215934753,Nasdaq,False,True,True,-7.5
2026-07-30T08:11:17.466621,NEXRW,High,,Nasdaq,True,True,True,-10.0
2026-07-30T08:11:17.466621,OFAL,High,,Nasdaq,True,True,True,-1.5
2026-08-01T11:40:33.593315,LEXX,High,0.3779999911785126,Nasdaq,False,True,True,0.0
2026-08-01T11:40:33.593315,TOP,High,2.069999933242798,Nasdaq,True,True,True,0.0
2026-08-01T11:40:33.593315,MSGY,High,0.335999995470047,Nasdaq,False,True,True,-8.0
