ticker,t_ann,t_split,ratio,confidence,entry_price
ATPC,2026-02-06,2026-02-09,50.0,High,2.5
PM,2026-02-06,2026-03-01,15.0,High,182.1699981689453
AURE,2026-02-13,2026-02-19,10.0,High,2.0199999809265137
INTS,2026-02-13,2026-02-18,25.0,High,5.75
BYAH,2026-02-13,2026-02-20,50.0,High,22.0
FCHL,2026-02-27,2026-03-20,2.0,High,95.8499984741211
TIRX,2026-02-27,2026-03-16,50.0,High,
ZCMD,2026-02-27,2026-03-02,8.0,High,136.7100067138672
ONCO,2026-05-19,2026-05-21,10.0,High,1.1200000047683716
MOBXW,2026-05-19,2026-06-01,10.0,High,0.20000000298023224
ZOOZW,2026-05-19,2026-06-01,20.0,High,0.0215000007301569
PW-PA,2026-05-19,2026-06-02,10.0,High,9.0
CMND,2026-05-19,2026-05-21,10.0,High,2.2200000286102295
LZMH,2026-05-20,2026-05-22,20.0,High,1.2999999523162842
LNAI,2026-05-20,2026-05-22,8.0,High,1.9119999408721924
JBDI,2026-05-21,2026-05-28,2.0,High,1.0399999618530273
AXIA-P,2026-05-21,2026-06-10,1.1,High,
TJGC,2026-05-21,2026-05-26,3.0,High,6.570000171661377
WETO,2026-05-21,2026-06-02,10.0,High,88.0
PRTS,2026-05-21,2026-05-25,10.0,High,6.300000190734863
SCYX,2026-05-22,2026-05-29,8.0,High,5.432000160217285
SDOT,2026-05-22,2026-05-27,20.0,High,2.9800000190734863
DD,2026-05-26,2026-06-24,3.0,High,149.0399932861328
HKIT,2026-05-26,2026-05-29,3.0,High,40.650001525878906
SMSI,2026-05-26,2026-06-04,5.0,High,3.950000047683716
SLXNW,2026-05-26,2026-05-28,10.0,High,0.033399999141693115
CURLF,2026-05-27,2026-06-05,3.0,High,9.630000114440918
JDZG,2026-05-27,2026-06-01,10.0,High,40.400001525878906
SMXWW,2026-05-27,2026-06-01,,High,0.05480000004172325
CDTG,2026-05-28,2026-06-01,25.0,High,7.025000095367432
DAICW,2026-05-28,2026-05-29,25.0,High,0.03009999915957451
PRHIZ,2026-05-28,2026-06-01,7.0,High,17.1200008392334
JBDI,2026-05-29,2026-06-28,2.0,High,0.9419999718666077
SILO,2026-06-01,2026-06-02,15.0,High,5.099999904632568
WXM,2026-06-01,2026-06-04,10.0,High,4.400000095367432
VRNO,2026-06-01,2026-06-11,5.0,High,6.0
CETXP,2026-06-02,2026-06-05,10.0,High,0.46000000834465027
FEMY,2026-06-04,2026-06-05,20.0,High,6.800000190734863
KIDZW,2026-06-04,2026-06-08,10.0,High,0.012299999594688416
OPADW,2026-06-04,2026-06-08,10.0,High,
AGAE,2026-06-05,2026-06-11,6.0,High,
TDIC,2026-06-05,2026-06-15,25.0,High,7.800000190734863
HON,2026-06-05,2026-06-29,2.0,High,224.21604919433594
AMODW,2026-06-08,2026-06-15,40.0,High,0.0674000009894371
XXII,2026-06-09,2026-06-12,20.0,High,6.71999979019165
MNDR,2026-06-09,2026-06-22,6.0,High,4.260000228881836
ORIS,2026-06-09,2026-06-22,4.0,High,
AERTW,2026-06-10,2026-06-12,8.0,High,0.019899999722838402
BMGL,2026-06-10,2026-06-22,12.0,High,6.360000133514404
MQ,2026-06-11,2026-06-30,4.0,High,15.119999885559082
AIFU,2026-06-12,2026-06-16,20.0,High,55.599998474121094
WHLRL,2026-06-12,2026-06-17,4.0,High,80.0
JBDI,2026-06-17,2026-06-25,2.0,High,1.2200000286102295
UVIX,2026-06-17,2026-07-01,20.0,High,66.19999694824219
WLDSW,2026-06-17,2026-06-22,3.0,High,12.600000381469727
ALIT,2026-06-18,2026-06-30,20.0,High,11.359999656677246
FCUV,2026-06-18,2026-06-23,4.0,High,2.3959999084472656
MNDR,2026-06-18,2026-06-29,6.0,High,3.5999999046325684
JBDI,2026-06-23,2026-06-29,2.0,High,1.1399999856948853
NAMI,2026-06-23,2026-06-25,25.0,High,4.800000190734863
RUBI,2026-06-23,2026-06-26,25.0,High,7.800000190734863
NUWE,2026-06-24,2026-06-25,35.0,High,3.1500000953674316
SRXH,2026-06-24,2026-07-06,60.0,High,5.460000038146973
GRNQ,2026-06-26,2026-07-26,10.0,High,15.600000381469727
QNCX,2026-06-26,2026-06-29,20.0,High,18.600000381469727
GMEX,2026-06-29,2026-07-02,9.0,High,3.4200000762939453
NVVE,2026-07-01,2026-07-06,18.0,High,6.389999866485596
CRIS,2026-07-01,2026-07-02,,High,8.800000190734863
CGTL,2026-07-01,2026-07-06,15.0,High,5.445000171661377
NVACW,2026-07-06,2026-07-07,25.0,High,
VALE,2026-07-06,2026-07-13,10.0,High,14.859999656677246
ENLV,2026-07-07,2026-07-09,15.0,High,7.09499979019165
GRTX,2026-07-07,2026-07-12,200.0,High,16.239999771118164
RBNE,2026-07-07,2026-07-08,15.0,High,7.724999904632568
YMAT,2026-07-08,2026-07-10,5.0,High,2.375
JEM,2026-07-09,2026-07-14,12.0,High,8.496000289916992
EDBLW,2026-07-09,2026-07-13,45.0,High,0.13979999721050262
APUS,2026-07-13,2026-07-24,10.0,High,7.210000038146973
DFNSW,2026-07-13,2026-07-20,50.0,High,0.06880000233650208
AMZE,2026-07-15,2026-07-24,8.0,High,0.7360000014305115
QH,2026-07-15,2026-07-17,32000.0,High,6.139999866485596
BANL,2026-07-16,2026-07-20,13.0,High,0.36000001430511475
VIVK,2026-07-16,2026-07-17,20.0,High,4.110000133514404
XPON,2026-07-16,2026-07-21,12.0,High,3.875999927520752
TOMZ,2026-07-16,2026-07-20,3.0,High,2.0999999046325684
SBEV,2026-07-16,2026-07-24,4.0,High,0.09359999746084213
MSS,2026-07-20,2026-07-22,5.0,High,2.1500000953674316
MVIS,2026-07-22,2026-08-01,15.0,High,4.5
PMI,2026-07-22,2026-07-31,50.0,High,4.400000095367432
WHLRL,2026-07-22,2026-07-27,5.0,High,
SGLY,2026-07-23,2026-07-27,14.0,High,3.640000104904175
NEXRW,2026-07-24,2026-07-31,11.0,High,0.009800000116229057
OFAL,2026-07-27,2026-07-31,10.0,High,0.10300000011920929
YAAS,2026-07-27,2026-07-30,5.0,High,0.6990000009536743
BDRX,2026-07-29,2026-07-30,10.0,High,1.2799999713897705
LEXX,2026-07-30,2026-08-03,15.0,High,5.670000076293945
MSGY,2026-07-31,2026-08-31,8.0,High,0.24400000274181366
TOP,2026-07-31,2026-08-03,5.0,High,10.010000228881836
GRNQ,2026-08-03,2026-08-06,10.0,High,13.699999809265137
BYAH,2026-08-03,2026-08-06,8.0,High,2.8239998817443848
SUGP,2026-08-03,2026-08-06,5.0,High,1.8200000524520874
AEHL,2026-08-05,2026-08-07,16.0,High,5.440000057220459
NXTT,2026-08-05,2026-08-10,,High,6.900000095367432
IPW,2026-08-05,2026-08-07,9.0,High,3.1500000953674316
THH,2026-08-06,2026-08-10,10.0,High,0.24799999594688416
BNRG,2026-08-07,2026-08-12,,High,2.261399030685425
CLMT,2026-08-07,2026-08-15,10.0,High,39.630001068115234
YMT,2026-08-07,2026-08-27,16.0,High,0.2849999964237213
KIDZW,2026-08-11,2026-08-13,15.0,High,0.07010000199079514
SMXT,2026-08-11,2026-08-13,12.0,High,4.1519999504089355
BYND,2026-08-11,2026-08-13,30.0,High,12.6899995803833
NVNXF,2026-08-12,2026-08-27,10.0,High,0.10700000077486038
GPUS-PD,2026-08-13,2026-08-24,5.0,High,21.229999542236328
RCON,2026-08-13,2026-08-18,200.0,High,6.0
NVACW,2026-08-14,2026-08-17,4.0,High,
CXAIW,2026-08-14,2026-08-18,50.0,High,0.0997999981045723
GLMD,2026-08-14,2026-08-19,8.0,High,4.159999847412109
NRDY,2026-08-14,2026-08-19,15.0,High,10.050000190734863
SKYE,2026-08-14,2026-08-24,8.0,High,0.5699999928474426
CISS,2026-08-17,2026-08-18,40.0,High,2.4000000953674316
IMCC,2026-08-18,2026-08-27,30.0,High,0.10400000214576721
NIVFW,2026-08-18,2026-09-01,3.0,High,
GAME,2026-08-19,2026-08-24,8.0,High,0.4300000071525574
SCNI,2026-08-19,2026-08-21,10.0,High,2.799999952316284
SMTK,2026-08-19,2026-08-20,50.0,High,4.599999904632568
XCH,2026-08-19,2026-08-21,20.0,High,4.639999866485596
BIAFW,2026-08-20,2026-08-21,15.0,High,0.4699999988079071
VCIG,2026-08-20,2026-08-24,15.0,High,0.21199999749660492
KAPA,2026-08-21,2026-09-01,7.0,High,1.805999994277954
WHLRL,2026-08-21,2026-08-26,4.0,High,
GLTK,2026-08-25,2026-08-27,3.0,High,4.5
VEEAW,2026-08-26,2026-08-28,20.0,High,0.07010000199079514
CALC,2026-08-27,2026-08-28,5.0,High,2.109999895095825
ARTL,2026-08-27,2026-08-28,9.0,High,6.050000190734863
VBIO,2026-08-27,2026-08-31,25.0,High,2.799999952316284
LGCL,2026-08-28,2026-09-01,,High,4.5
FEED,2026-08-31,2026-09-01,,High,4.420000076293945
